{
  "id": "animated-tokens",
  "title": "Jack Kerouac's Animated Tokens",
  "version": "0.1.7",
  "authors": [
    {
      "name": "Jack Kerouac",
      "url": "https://github.com/jackkerouac/",
      "discord": "jackkerouac#0624"
    }
  ],
  "compatibility": {
    "minimum": "10",
    "maximum": "13",
    "verified": "13.345"
  },
  "styles": [],
  "relationships": {
    "systems": []
  },
  "packs": [],
  "url": "https://github.com/jackkerouac/animated-tokens",
  "manifest": "https://github.com/eugenio-guarino/animated-tokens/releases/download/latest/module.json",
  "download": "https://github.com/eugenio-guarino/animated-tokens/releases/download/latest/module.zip",
  "description": "A very small repository of animated tokens for your favourite VTT. All tokens are in .webm format. Some of the animations, character models are directly from mixamo.com. Forgive me about the size of the tokens; I'm still trying to figure out an appropriate template. If you like my work, consider saying thanks on Discord: jackkerouac#0624.",
  "media": [
    {
      "type": "icon",
      "url": "https://avatars2.githubusercontent.com/u/341093?s=460&v=4"
    }
  ]
}
